date,Jour,S,I,R,D
2020-05-01,1,0.9998959634124385,0.0,9.979183071717489e-05,4.2447568443100074e-06
2020-05-02,2,0.9998959634124385,0.0,9.979183071717489e-05,4.2447568443100074e-06
2020-05-03,3,0.9998737518546117,2.2211557826829726e-05,9.94180785422042e-05,4.6185090192807e-06
2020-05-04,4,0.9998737518546117,2.2211557826829726e-05,9.94180785422042e-05,4.6185090192807e-06
2020-05-05,5,0.9998737518546117,2.2211557826829726e-05,9.94180785422042e-05,4.6185090192807e-06
2020-05-06,6,0.9998737518546117,2.2211557826829726e-05,9.94180785422042e-05,4.6185090192807e-06
2020-05-07,7,0.9998737518546117,2.2211557826829726e-05,9.94180785422042e-05,4.6185090192807e-06
2020-05-08,8,0.9998737518546117,2.2211557826829726e-05,9.94180785422042e-05,4.6185090192807e-06
2020-05-09,9,0.9998737518546117,2.2211557826829726e-05,9.94180785422042e-05,4.6185090192807e-06
2020-05-10,10,0.9998422231889945,5.3740223444000285e-05,9.907102295115999e-05,4.965564610324915e-06
2020-05-11,11,0.9998422231889945,5.3740223444000285e-05,9.907102295115999e-05,4.965564610324915e-06
2020-05-12,12,0.9998422231889945,5.3740223444000285e-05,9.907102295115999e-05,4.965564610324915e-06
2020-05-13,13,0.9998422231889945,5.3740223444000285e-05,9.907102295115999e-05,4.965564610324915e-06
2020-05-14,14,0.9998422231889945,5.3740223444000285e-05,9.907102295115999e-05,4.965564610324915e-06
2020-05-15,15,0.9998422231889945,5.3740223444000285e-05,9.907102295115999e-05,4.965564610324915e-06
2020-05-16,16,0.9998422231889945,5.3740223444000285e-05,9.907102295115999e-05,4.965564610324915e-06
2020-05-17,17,0.9998200383277516,5.37135268600738e-05,0.00012112240127443085,5.1257441138837825e-06
2020-05-18,18,0.9998200383277516,5.37135268600738e-05,0.00012112240127443085,5.1257441138837825e-06
2020-05-19,19,0.9998200383277516,5.37135268600738e-05,0.00012112240127443085,5.1257441138837825e-06
2020-05-20,20,0.9998200383277516,5.37135268600738e-05,0.00012112240127443085,5.1257441138837825e-06
2020-05-21,21,0.9998200383277516,5.37135268600738e-05,0.00012112240127443085,5.1257441138837825e-06
2020-05-22,22,0.9998200383277516,5.37135268600738e-05,0.00012112240127443085,5.1257441138837825e-06
2020-05-23,23,0.9998200383277516,5.37135268600738e-05,0.00012112240127443085,5.1257441138837825e-06
2020-05-24,24,0.9998022850994405,3.993808955401114e-05,0.00015249088738804255,5.285923617442651e-06
2020-05-25,25,0.9998022850994405,3.993808955401114e-05,0.00015249088738804255,5.285923617442651e-06
2020-05-26,26,0.9998022850994405,3.993808955401114e-05,0.00015249088738804255,5.285923617442651e-06
2020-05-27,27,0.9998022850994405,3.993808955401114e-05,0.00015249088738804255,5.285923617442651e-06
2020-05-28,28,0.9998022850994405,3.993808955401114e-05,0.00015249088738804255,5.285923617442651e-06
2020-05-29,29,0.9998022850994405,3.993808955401114e-05,0.00015249088738804255,5.285923617442651e-06
2020-05-30,30,0.9998022850994405,3.993808955401114e-05,0.00015249088738804255,5.285923617442651e-06
2020-05-31,31,0.999792300577052,2.773775069961068e-05,0.0001745155691273869,5.446103121001519e-06
2020-06-01,32,0.999792300577052,2.773775069961068e-05,0.0001745155691273869,5.446103121001519e-06
2020-06-02,33,0.999792300577052,2.773775069961068e-05,0.0001745155691273869,5.446103121001519e-06
2020-06-03,34,0.999792300577052,2.773775069961068e-05,0.0001745155691273869,5.446103121001519e-06
2020-06-04,35,0.999792300577052,2.773775069961068e-05,0.0001745155691273869,5.446103121001519e-06
2020-06-05,36,0.999792300577052,2.773775069961068e-05,0.0001745155691273869,5.446103121001519e-06
2020-06-06,37,0.999792300577052,2.773775069961068e-05,0.0001745155691273869,5.446103121001519e-06
2020-06-07,38,0.9997823961444153,1.9888955025226138e-05,0.0001921620111027889,5.5528894567074314e-06
2020-06-08,39,0.9997823961444153,1.9888955025226138e-05,0.0001921620111027889,5.5528894567074314e-06
2020-06-09,40,0.9997823961444153,1.9888955025226138e-05,0.0001921620111027889,5.5528894567074314e-06
2020-06-10,41,0.9997823961444153,1.9888955025226138e-05,0.0001921620111027889,5.5528894567074314e-06
2020-06-11,42,0.9997823961444153,1.9888955025226138e-05,0.0001921620111027889,5.5528894567074314e-06
2020-06-12,43,0.9997823961444153,1.9888955025226138e-05,0.0001921620111027889,5.5528894567074314e-06
2020-06-13,44,0.9997823961444153,1.9888955025226138e-05,0.0001921620111027889,5.5528894567074314e-06
2020-06-14,45,0.999767953292511,2.434728454094797e-05,0.00020203974715558577,5.659675792413343e-06
2020-06-15,46,0.999767953292511,2.434728454094797e-05,0.00020203974715558577,5.659675792413343e-06
2020-06-16,47,0.999767953292511,2.434728454094797e-05,0.00020203974715558577,5.659675792413343e-06
2020-06-17,48,0.999767953292511,2.434728454094797e-05,0.00020203974715558577,5.659675792413343e-06
2020-06-18,49,0.999767953292511,2.434728454094797e-05,0.00020203974715558577,5.659675792413343e-06
2020-06-19,50,0.999767953292511,2.434728454094797e-05,0.00020203974715558577,5.659675792413343e-06
2020-06-20,51,0.999767953292511,2.434728454094797e-05,0.00020203974715558577,5.659675792413343e-06
2020-06-21,52,0.9997373323107474,4.506383366789492e-05,0.00021191748320838265,5.686372376339821e-06
2020-06-22,53,0.9997373323107474,4.506383366789492e-05,0.00021191748320838265,5.686372376339821e-06
2020-06-23,54,0.9997373323107474,4.506383366789492e-05,0.00021191748320838265,5.686372376339821e-06
2020-06-24,55,0.9997373323107474,4.506383366789492e-05,0.00021191748320838265,5.686372376339821e-06
2020-06-25,56,0.9997373323107474,4.506383366789492e-05,0.00021191748320838265,5.686372376339821e-06
2020-06-26,57,0.9997373323107474,4.506383366789492e-05,0.00021191748320838265,5.686372376339821e-06
2020-06-27,58,0.9997373323107474,4.506383366789492e-05,0.00021191748320838265,5.686372376339821e-06
2020-06-28,59,0.9996829246727053,8.502861980583254e-05,0.0002261734590251219,5.873248463825168e-06
2020-06-29,60,0.9996829246727053,8.502861980583254e-05,0.0002261734590251219,5.873248463825168e-06
2020-06-30,61,0.9996829246727053,8.502861980583254e-05,0.0002261734590251219,5.873248463825168e-06
2020-07-01,62,0.9996829246727053,8.502861980583254e-05,0.0002261734590251219,5.873248463825168e-06
2020-07-02,63,0.9996829246727053,8.502861980583254e-05,0.0002261734590251219,5.873248463825168e-06
2020-07-03,64,0.9996829246727053,8.502861980583254e-05,0.0002261734590251219,5.873248463825168e-06
2020-07-04,65,0.9996829246727053,8.502861980583254e-05,0.0002261734590251219,5.873248463825168e-06
2020-07-05,66,0.9996309998169682,0.00010633249377916202,0.0002564740817816745,6.193607470942904e-06
2020-07-06,67,0.9996309998169682,0.00010633249377916202,0.0002564740817816745,6.193607470942904e-06
2020-07-07,68,0.9996309998169682,0.00010633249377916202,0.0002564740817816745,6.193607470942904e-06
2020-07-08,69,0.9996309998169682,0.00010633249377916202,0.0002564740817816745,6.193607470942904e-06
2020-07-09,70,0.9996309998169682,0.00010633249377916202,0.0002564740817816745,6.193607470942904e-06
2020-07-10,71,0.9996309998169682,0.00010633249377916202,0.0002564740817816745,6.193607470942904e-06
2020-07-11,72,0.9996309998169682,0.00010633249377916202,0.0002564740817816745,6.193607470942904e-06
2020-07-12,73,0.9995850816926147,9.7842980090542e-05,0.0003105346642327925,6.540663061987118e-06
2020-07-13,74,0.9995850816926147,9.7842980090542e-05,0.0003105346642327925,6.540663061987118e-06
2020-07-14,75,0.9995850816926147,9.7842980090542e-05,0.0003105346642327925,6.540663061987118e-06
2020-07-15,76,0.9995850816926147,9.7842980090542e-05,0.0003105346642327925,6.540663061987118e-06
2020-07-16,77,0.9995850816926147,9.7842980090542e-05,0.0003105346642327925,6.540663061987118e-06
2020-07-17,78,0.9995850816926147,9.7842980090542e-05,0.0003105346642327925,6.540663061987118e-06
2020-07-18,79,0.9995850816926147,9.7842980090542e-05,0.0003105346642327925,6.540663061987118e-06
2020-07-19,80,0.9995457576244909,8.524219247724437e-05,0.0003618188019555568,7.181381076222592e-06
2020-07-20,81,0.9995457576244909,8.524219247724437e-05,0.0003618188019555568,7.181381076222592e-06
2020-07-21,82,0.9995457576244909,8.524219247724437e-05,0.0003618188019555568,7.181381076222592e-06
2020-07-22,83,0.9995457576244909,8.524219247724437e-05,0.0003618188019555568,7.181381076222592e-06
2020-07-23,84,0.9995457576244909,8.524219247724437e-05,0.0003618188019555568,7.181381076222592e-06
2020-07-24,85,0.9995457576244909,8.524219247724437e-05,0.0003618188019555568,7.181381076222592e-06
2020-07-25,86,0.9995457576244909,8.524219247724437e-05,0.0003618188019555568,7.181381076222592e-06
2020-07-26,87,0.9994755456087644,0.00010953608385033938,0.0004067758492877458,8.1424580975758e-06
2020-07-27,88,0.9994755456087644,0.00010953608385033938,0.0004067758492877458,8.1424580975758e-06
2020-07-28,89,0.9994755456087644,0.00010953608385033938,0.0004067758492877458,8.1424580975758e-06
2020-07-29,90,0.9994755456087644,0.00010953608385033938,0.0004067758492877458,8.1424580975758e-06
2020-07-30,91,0.9994755456087644,0.00010953608385033938,0.0004067758492877458,8.1424580975758e-06
2020-07-31,92,0.9994755456087644,0.00010953608385033938,0.0004067758492877458,8.1424580975758e-06
2020-08-01,93,0.9994755456087644,0.00010953608385033938,0.0004067758492877458,8.1424580975758e-06
2020-08-02,94,0.9993312238760578,0.00021453374843317748,0.0004444447292080063,9.797646301017439e-06
2020-08-03,95,0.9993312238760578,0.00021453374843317748,0.0004444447292080063,9.797646301017439e-06
2020-08-04,96,0.9993312238760578,0.00021453374843317748,0.0004444447292080063,9.797646301017439e-06
2020-08-05,97,0.9993312238760578,0.00021453374843317748,0.0004444447292080063,9.797646301017439e-06
2020-08-06,98,0.9993312238760578,0.00021453374843317748,0.0004444447292080063,9.797646301017439e-06
2020-08-07,99,0.9993312238760578,0.00021453374843317748,0.0004444447292080063,9.797646301017439e-06
2020-08-08,100,0.9993312238760578,0.00021453374843317748,0.0004444447292080063,9.797646301017439e-06
2020-08-09,101,0.9991455224382653,0.0003300231704991215,0.0005116400309509515,1.2814360284709457e-05
2020-08-10,102,0.9991455224382653,0.0003300231704991215,0.0005116400309509515,1.2814360284709457e-05
2020-08-11,103,0.9991455224382653,0.0003300231704991215,0.0005116400309509515,1.2814360284709457e-05
2020-08-12,104,0.9991455224382653,0.0003300231704991215,0.0005116400309509515,1.2814360284709457e-05
2020-08-13,105,0.9991455224382653,0.0003300231704991215,0.0005116400309509515,1.2814360284709457e-05
2020-08-14,106,0.9991455224382653,0.0003300231704991215,0.0005116400309509515,1.2814360284709457e-05
2020-08-15,107,0.9991455224382653,0.0003300231704991215,0.0005116400309509515,1.2814360284709457e-05
2020-08-16,108,0.9989049862170877,0.0004262376589701483,0.0006519038829006672,1.6872241041534118e-05
2020-08-17,109,0.9989049862170877,0.0004262376589701483,0.0006519038829006672,1.6872241041534118e-05
2020-08-18,110,0.9989049862170877,0.0004262376589701483,0.0006519038829006672,1.6872241041534118e-05
2020-08-19,111,0.9989049862170877,0.0004262376589701483,0.0006519038829006672,1.6872241041534118e-05
2020-08-20,112,0.9989049862170877,0.0004262376589701483,0.0006519038829006672,1.6872241041534118e-05
2020-08-21,113,0.9989049862170877,0.0004262376589701483,0.0006519038829006672,1.6872241041534118e-05
2020-08-22,114,0.9989049862170877,0.0004262376589701483,0.0006519038829006672,1.6872241041534118e-05
2020-08-23,115,0.9986434931775278,0.0005020292607374195,0.0008315718927258643,2.2905669008918154e-05
2020-08-24,116,0.9986434931775278,0.0005020292607374195,0.0008315718927258643,2.2905669008918154e-05
2020-08-25,117,0.9986434931775278,0.0005020292607374195,0.0008315718927258643,2.2905669008918154e-05
2020-08-26,118,0.9986434931775278,0.0005020292607374195,0.0008315718927258643,2.2905669008918154e-05
2020-08-27,119,0.9986434931775278,0.0005020292607374195,0.0008315718927258643,2.2905669008918154e-05
2020-08-28,120,0.9986434931775278,0.0005020292607374195,0.0008315718927258643,2.2905669008918154e-05
2020-08-29,121,0.9986434931775278,0.0005020292607374195,0.0008315718927258643,2.2905669008918154e-05
2020-08-30,122,0.9983967099557114,0.0005082762613762153,0.0010662348654396062,2.877891747274332e-05
2020-08-31,123,0.9983967099557114,0.0005082762613762153,0.0010662348654396062,2.877891747274332e-05
2020-09-01,124,0.9983967099557114,0.0005082762613762153,0.0010662348654396062,2.877891747274332e-05
2020-09-02,125,0.9983967099557114,0.0005082762613762153,0.0010662348654396062,2.877891747274332e-05
2020-09-03,126,0.9983967099557114,0.0005082762613762153,0.0010662348654396062,2.877891747274332e-05
2020-09-04,127,0.9983967099557114,0.0005082762613762153,0.0010662348654396062,2.877891747274332e-05
2020-09-05,128,0.9983967099557114,0.0005082762613762153,0.0010662348654396062,2.877891747274332e-05
2020-09-06,129,0.9981269676717183,0.000516525505809497,0.0013210270624339126,3.547976003828931e-05
2020-09-07,130,0.9981269676717183,0.000516525505809497,0.0013210270624339126,3.547976003828931e-05
2020-09-08,131,0.9981269676717183,0.000516525505809497,0.0013210270624339126,3.547976003828931e-05
2020-09-09,132,0.9981269676717183,0.000516525505809497,0.0013210270624339126,3.547976003828931e-05
2020-09-10,133,0.9981269676717183,0.000516525505809497,0.0013210270624339126,3.547976003828931e-05
2020-09-11,134,0.9981269676717183,0.000516525505809497,0.0013210270624339126,3.547976003828931e-05
2020-09-12,135,0.9981269676717183,0.000516525505809497,0.0013210270624339126,3.547976003828931e-05
2020-09-13,136,0.9977458739361679,0.0006508360195436081,0.0015618302494507445,4.145979483782039e-05
2020-09-14,137,0.9977458739361679,0.0006508360195436081,0.0015618302494507445,4.145979483782039e-05
2020-09-15,138,0.9977458739361679,0.0006508360195436081,0.0015618302494507445,4.145979483782039e-05
2020-09-16,139,0.9977458739361679,0.0006508360195436081,0.0015618302494507445,4.145979483782039e-05
2020-09-17,140,0.9977458739361679,0.0006508360195436081,0.0015618302494507445,4.145979483782039e-05
2020-09-18,141,0.9977458739361679,0.0006508360195436081,0.0015618302494507445,4.145979483782039e-05
2020-09-19,142,0.9977458739361679,0.0006508360195436081,0.0015618302494507445,4.145979483782039e-05
2020-09-20,143,0.9973352537787946,0.0007917138929236326,0.0018251119601336708,4.7920368148028076e-05
2020-09-21,144,0.9973352537787946,0.0007917138929236326,0.0018251119601336708,4.7920368148028076e-05
2020-09-22,145,0.9973352537787946,0.0007917138929236326,0.0018251119601336708,4.7920368148028076e-05
2020-09-23,146,0.9973352537787946,0.0007917138929236326,0.0018251119601336708,4.7920368148028076e-05
2020-09-24,147,0.9973352537787946,0.0007917138929236326,0.0018251119601336708,4.7920368148028076e-05
2020-09-25,148,0.9973352537787946,0.0007917138929236326,0.0018251119601336708,4.7920368148028076e-05
2020-09-26,149,0.9973352537787946,0.0007917138929236326,0.0018251119601336708,4.7920368148028076e-05
2020-09-27,150,0.9969234589717287,0.0008224149644390824,0.0021996383360382314,5.448772779394167e-05
2020-09-28,151,0.9969234589717287,0.0008224149644390824,0.0021996383360382314,5.448772779394167e-05
2020-09-29,152,0.9969234589717287,0.0008224149644390824,0.0021996383360382314,5.448772779394167e-05
2020-09-30,153,0.9969234589717287,0.0008224149644390824,0.0021996383360382314,5.448772779394167e-05
2020-10-01,154,0.9969234589717287,0.0008224149644390824,0.0021996383360382314,5.448772779394167e-05
2020-10-02,155,0.9969234589717287,0.0008224149644390824,0.0021996383360382314,5.448772779394167e-05
2020-10-03,156,0.9969234589717287,0.0008224149644390824,0.0021996383360382314,5.448772779394167e-05
2020-10-04,157,0.9964966606844962,0.0008385930942985281,0.0026035309542619175,6.121526694341414e-05
2020-10-05,158,0.9964966606844962,0.0008385930942985281,0.0026035309542619175,6.121526694341414e-05
2020-10-06,159,0.9964966606844962,0.0008385930942985281,0.0026035309542619175,6.121526694341414e-05
2020-10-07,160,0.9964966606844962,0.0008385930942985281,0.0026035309542619175,6.121526694341414e-05
2020-10-08,161,0.9964966606844962,0.0008385930942985281,0.0026035309542619175,6.121526694341414e-05
2020-10-09,162,0.9964966606844962,0.0008385930942985281,0.0026035309542619175,6.121526694341414e-05
2020-10-10,163,0.9964966606844962,0.0008385930942985281,0.0026035309542619175,6.121526694341414e-05
2020-10-11,164,0.9959997571678726,0.00092370180385614,0.0030078774144123538,6.866361385890151e-05
2020-10-12,165,0.9959997571678726,0.00092370180385614,0.0030078774144123538,6.866361385890151e-05
2020-10-13,166,0.9959997571678726,0.00092370180385614,0.0030078774144123538,6.866361385890151e-05
2020-10-14,167,0.9959997571678726,0.00092370180385614,0.0030078774144123538,6.866361385890151e-05
2020-10-15,168,0.9959997571678726,0.00092370180385614,0.0030078774144123538,6.866361385890151e-05
2020-10-16,169,0.9959997571678726,0.00092370180385614,0.0030078774144123538,6.866361385890151e-05
2020-10-17,170,0.9959997571678726,0.00092370180385614,0.0030078774144123538,6.866361385890151e-05
2020-10-18,171,0.9954372601445417,0.0010594005399544278,0.0034265065469634556,7.683276854040379e-05
2020-10-19,172,0.9954372601445417,0.0010594005399544278,0.0034265065469634556,7.683276854040379e-05
2020-10-20,173,0.9954372601445417,0.0010594005399544278,0.0034265065469634556,7.683276854040379e-05
2020-10-21,174,0.9954372601445417,0.0010594005399544278,0.0034265065469634556,7.683276854040379e-05
2020-10-22,175,0.9954372601445417,0.0010594005399544278,0.0034265065469634556,7.683276854040379e-05
2020-10-23,176,0.9954372601445417,0.0010594005399544278,0.0034265065469634556,7.683276854040379e-05
2020-10-24,177,0.9954372601445417,0.0010594005399544278,0.0034265065469634556,7.683276854040379e-05
2020-10-25,178,0.9948085555930731,0.00119120157479945,0.003913345451446709,8.689738068068601e-05
2020-10-26,179,0.9948085555930731,0.00119120157479945,0.003913345451446709,8.689738068068601e-05
2020-10-27,180,0.9948085555930731,0.00119120157479945,0.003913345451446709,8.689738068068601e-05
2020-10-28,181,0.9948085555930731,0.00119120157479945,0.003913345451446709,8.689738068068601e-05
2020-10-29,182,0.9948085555930731,0.00119120157479945,0.003913345451446709,8.689738068068601e-05
2020-10-30,183,0.9948085555930731,0.00119120157479945,0.003913345451446709,8.689738068068601e-05
2020-10-31,184,0.9948085555930731,0.00119120157479945,0.003913345451446709,8.689738068068601e-05
2020-11-01,185,0.9941512056070515,0.0012860545374902264,0.004464095977849951,9.864387760833634e-05
2020-11-02,186,0.9941512056070515,0.0012860545374902264,0.004464095977849951,9.864387760833634e-05
2020-11-03,187,0.9941512056070515,0.0012860545374902264,0.004464095977849951,9.864387760833634e-05
2020-11-04,188,0.9941512056070515,0.0012860545374902264,0.004464095977849951,9.864387760833634e-05
2020-11-05,189,0.9941512056070515,0.0012860545374902264,0.004464095977849951,9.864387760833634e-05
2020-11-06,190,0.9941512056070515,0.0012860545374902264,0.004464095977849951,9.864387760833634e-05
2020-11-07,191,0.9941512056070515,0.0012860545374902264,0.004464095977849951,9.864387760833634e-05
2020-11-08,192,0.9932675219825011,0.001541033610572018,0.005079398844187417,0.00011204556273942831
2020-11-09,193,0.9932675219825011,0.001541033610572018,0.005079398844187417,0.00011204556273942831
2020-11-10,194,0.9932675219825011,0.001541033610572018,0.005079398844187417,0.00011204556273942831
2020-11-11,195,0.9932675219825011,0.001541033610572018,0.005079398844187417,0.00011204556273942831
2020-11-12,196,0.9932675219825011,0.001541033610572018,0.005079398844187417,0.00011204556273942831
2020-11-13,197,0.9932675219825011,0.001541033610572018,0.005079398844187417,0.00011204556273942831
2020-11-14,198,0.9932675219825011,0.001541033610572018,0.005079398844187417,0.00011204556273942831
2020-11-15,199,0.9923057508499659,0.001845454757085647,0.005723400538245846,0.00012539385470266732
2020-11-16,200,0.9923057508499659,0.001845454757085647,0.005723400538245846,0.00012539385470266732
2020-11-17,201,0.9923057508499659,0.001845454757085647,0.005723400538245846,0.00012539385470266732
2020-11-18,202,0.9923057508499659,0.001845454757085647,0.005723400538245846,0.00012539385470266732
2020-11-19,203,0.9923057508499659,0.001845454757085647,0.005723400538245846,0.00012539385470266732
2020-11-20,204,0.9923057508499659,0.001845454757085647,0.005723400538245846,0.00012539385470266732
2020-11-21,205,0.9923057508499659,0.001845454757085647,0.005723400538245846,0.00012539385470266732
2020-11-22,206,0.9914314110297897,0.0018361109527113798,0.006592160772381295,0.00014031724511756854
2020-11-23,207,0.9914314110297897,0.0018361109527113798,0.006592160772381295,0.00014031724511756854
2020-11-24,208,0.9914314110297897,0.0018361109527113798,0.006592160772381295,0.00014031724511756854
2020-11-25,209,0.9914314110297897,0.0018361109527113798,0.006592160772381295,0.00014031724511756854
2020-11-26,210,0.9914314110297897,0.0018361109527113798,0.006592160772381295,0.00014031724511756854
2020-11-27,211,0.9914314110297897,0.0018361109527113798,0.006592160772381295,0.00014031724511756854
2020-11-28,212,0.9914314110297897,0.0018361109527113798,0.006592160772381295,0.00014031724511756854
2020-11-29,213,0.9906645249599177,0.0016412258900480902,0.007541037454880104,0.00015321169515405744
2020-11-30,214,0.9906645249599177,0.0016412258900480902,0.007541037454880104,0.00015321169515405744
2020-12-01,215,0.9906645249599177,0.0016412258900480902,0.007541037454880104,0.00015321169515405744
2020-12-02,216,0.9906645249599177,0.0016412258900480902,0.007541037454880104,0.00015321169515405744
2020-12-03,217,0.9906645249599177,0.0016412258900480902,0.007541037454880104,0.00015321169515405744
2020-12-04,218,0.9906645249599177,0.0016412258900480902,0.007541037454880104,0.00015321169515405744
2020-12-05,219,0.9906645249599177,0.0016412258900480902,0.007541037454880104,0.00015321169515405744
2020-12-06,220,0.9899423823647066,0.0014890286650832388,0.008403497295208904,0.00016509167500134016
2020-12-07,221,0.9899423823647066,0.0014890286650832388,0.008403497295208904,0.00016509167500134016
2020-12-08,222,0.9899423823647066,0.0014890286650832388,0.008403497295208904,0.00016509167500134016
2020-12-09,223,0.9899423823647066,0.0014890286650832388,0.008403497295208904,0.00016509167500134016
2020-12-10,224,0.9899423823647066,0.0014890286650832388,0.008403497295208904,0.00016509167500134016
2020-12-11,225,0.9899423823647066,0.0014890286650832388,0.008403497295208904,0.00016509167500134016
2020-12-12,226,0.9899423823647066,0.0014890286650832388,0.008403497295208904,0.00016509167500134016
2020-12-13,227,0.9893855183205841,0.0012790066393336362,0.009159571248590688,0.00017590379149156376
2020-12-14,228,0.9893855183205841,0.0012790066393336362,0.009159571248590688,0.00017590379149156376
2020-12-15,229,0.9893855183205841,0.0012790066393336362,0.009159571248590688,0.00017590379149156376
2020-12-16,230,0.9893855183205841,0.0012790066393336362,0.009159571248590688,0.00017590379149156376
2020-12-17,231,0.9893855183205841,0.0012790066393336362,0.009159571248590688,0.00017590379149156376
2020-12-18,232,0.9893855183205841,0.0012790066393336362,0.009159571248590688,0.00017590379149156376
2020-12-19,233,0.9893855183205841,0.0012790066393336362,0.009159571248590688,0.00017590379149156376
2020-12-20,234,0.9889148842425443,0.0010274981221622865,0.009873170936945445,0.00018444669834803674
2020-12-21,235,0.9889148842425443,0.0010274981221622865,0.009873170936945445,0.00018444669834803674
2020-12-22,236,0.9889148842425443,0.0010274981221622865,0.009873170936945445,0.00018444669834803674
2020-12-23,237,0.9889148842425443,0.0010274981221622865,0.009873170936945445,0.00018444669834803674
2020-12-24,238,0.9889148842425443,0.0010274981221622865,0.009873170936945445,0.00018444669834803674
2020-12-25,239,0.9889148842425443,0.0010274981221622865,0.009873170936945445,0.00018444669834803674
2020-12-26,240,0.9889148842425443,0.0010274981221622865,0.009873170936945445,0.00018444669834803674
2020-12-27,241,0.9885054654314478,0.0008800528891363484,0.01042215948880954,0.00019232219060634777
2020-12-28,242,0.9885054654314478,0.0008800528891363484,0.01042215948880954,0.00019232219060634777
2020-12-29,243,0.9885054654314478,0.0008800528891363484,0.01042215948880954,0.00019232219060634777
2020-12-30,244,0.9885054654314478,0.0008800528891363484,0.01042215948880954,0.00019232219060634777
2020-12-31,245,0.9885054654314478,0.0008800528891363484,0.01042215948880954,0.00019232219060634777
2021-01-01,246,0.9885054654314478,0.0008800528891363484,0.01042215948880954,0.00019232219060634777
2021-01-02,247,0.9885054654314478,0.0008800528891363484,0.01042215948880954,0.00019232219060634777
2021-01-03,248,0.9881963456861631,0.0007185385563811563,0.010886172814035654,0.00019894294342011432
2021-01-04,249,0.9881963456861631,0.0007185385563811563,0.010886172814035654,0.00019894294342011432
2021-01-05,250,0.9881963456861631,0.0007185385563811563,0.010886172814035654,0.00019894294342011432
2021-01-06,251,0.9881963456861631,0.0007185385563811563,0.010886172814035654,0.00019894294342011432
2021-01-07,252,0.9881963456861631,0.0007185385563811563,0.010886172814035654,0.00019894294342011432
2021-01-08,253,0.9881963456861631,0.0007185385563811563,0.010886172814035654,0.00019894294342011432
2021-01-09,254,0.9881963456861631,0.0007185385563811563,0.010886172814035654,0.00019894294342011432
2021-01-10,255,0.9879428349251972,0.0005626305062505246,0.011288730603063016,0.00020580396548921918
2021-01-11,256,0.9879428349251972,0.0005626305062505246,0.011288730603063016,0.00020580396548921918
2021-01-12,257,0.9879428349251972,0.0005626305062505246,0.011288730603063016,0.00020580396548921918
2021-01-13,258,0.9879428349251972,0.0005626305062505246,0.011288730603063016,0.00020580396548921918
2021-01-14,259,0.9879428349251972,0.0005626305062505246,0.011288730603063016,0.00020580396548921918
2021-01-15,260,0.9879428349251972,0.0005626305062505246,0.011288730603063016,0.00020580396548921918
2021-01-16,261,0.9879428349251972,0.0005626305062505246,0.011288730603063016,0.00020580396548921918
2021-01-17,262,0.9877498720165766,0.00044647366958641867,0.011592457638394556,0.00021119667544236773
2021-01-18,263,0.9877498720165766,0.00044647366958641867,0.011592457638394556,0.00021119667544236773
2021-01-19,264,0.9877498720165766,0.00044647366958641867,0.011592457638394556,0.00021119667544236773
2021-01-20,265,0.9877498720165766,0.00044647366958641867,0.011592457638394556,0.00021119667544236773
2021-01-21,266,0.9877498720165766,0.00044647366958641867,0.011592457638394556,0.00021119667544236773
2021-01-22,267,0.9877498720165766,0.00044647366958641867,0.011592457638394556,0.00021119667544236773
2021-01-23,268,0.9877498720165766,0.00044647366958641867,0.011592457638394556,0.00021119667544236773
2021-01-24,269,0.9875655588011483,0.00037727612404898756,0.011840175240648346,0.00021698983415441346
2021-01-25,270,0.9875655588011483,0.00037727612404898756,0.011840175240648346,0.00021698983415441346
2021-01-26,271,0.9875655588011483,0.00037727612404898756,0.011840175240648346,0.00021698983415441346
2021-01-27,272,0.9875655588011483,0.00037727612404898756,0.011840175240648346,0.00021698983415441346
2021-01-28,273,0.9875655588011483,0.00037727612404898756,0.011840175240648346,0.00021698983415441346
2021-01-29,274,0.9875655588011483,0.00037727612404898756,0.011840175240648346,0.00021698983415441346
2021-01-30,275,0.9875655588011483,0.00037727612404898756,0.011840175240648346,0.00021698983415441346
2021-01-31,276,0.9874341582150621,0.00031571380151452924,0.012029640896774562,0.0002204870866487821
2021-02-01,277,0.9874341582150621,0.00031571380151452924,0.012029640896774562,0.0002204870866487821
2021-02-02,278,0.9874341582150621,0.00031571380151452924,0.012029640896774562,0.0002204870866487821
2021-02-03,279,0.9874341582150621,0.00031571380151452924,0.012029640896774562,0.0002204870866487821
2021-02-04,280,0.9874341582150621,0.00031571380151452924,0.012029640896774562,0.0002204870866487821
2021-02-05,281,0.9874341582150621,0.00031571380151452924,0.012029640896774562,0.0002204870866487821
2021-02-06,282,0.9874341582150621,0.00031571380151452924,0.012029640896774562,0.0002204870866487821
2021-02-07,283,0.9873200303187765,0.0002455284823718185,0.012210697128963936,0.00022374406988781242
2021-02-08,284,0.9873200303187765,0.0002455284823718185,0.012210697128963936,0.00022374406988781242
2021-02-09,285,0.9873200303187765,0.0002455284823718185,0.012210697128963936,0.00022374406988781242
2021-02-10,286,0.9873200303187765,0.0002455284823718185,0.012210697128963936,0.00022374406988781242
2021-02-11,287,0.9873200303187765,0.0002455284823718185,0.012210697128963936,0.00022374406988781242
2021-02-12,288,0.9873200303187765,0.0002455284823718185,0.012210697128963936,0.00022374406988781242
2021-02-13,289,0.9873200303187765,0.0002455284823718185,0.012210697128963936,0.00022374406988781242
2021-02-14,290,0.9872354288443135,0.0001987293707487025,0.012339988684919869,0.00022585310001800417
2021-02-15,291,0.9872354288443135,0.0001987293707487025,0.012339988684919869,0.00022585310001800417
2021-02-16,292,0.9872354288443135,0.0001987293707487025,0.012339988684919869,0.00022585310001800417
2021-02-17,293,0.9872354288443135,0.0001987293707487025,0.012339988684919869,0.00022585310001800417
2021-02-18,294,0.9872354288443135,0.0001987293707487025,0.012339988684919869,0.00022585310001800417
2021-02-19,295,0.9872354288443135,0.0001987293707487025,0.012339988684919869,0.00022585310001800417
2021-02-20,296,0.9872354288443135,0.0001987293707487025,0.012339988684919869,0.00022585310001800417
2021-02-21,297,0.9871603313537283,0.00015969896504819162,0.012451767281820032,0.00022820239940353425
2021-02-22,298,0.9871603313537283,0.00015969896504819162,0.012451767281820032,0.00022820239940353425
2021-02-23,299,0.9871603313537283,0.00015969896504819162,0.012451767281820032,0.00022820239940353425
2021-02-24,300,0.9871603313537283,0.00015969896504819162,0.012451767281820032,0.00022820239940353425
2021-02-25,301,0.9871603313537283,0.00015969896504819162,0.012451767281820032,0.00022820239940353425
2021-02-26,302,0.9871603313537283,0.00015969896504819162,0.012451767281820032,0.00022820239940353425
2021-02-27,303,0.9871603313537283,0.00015969896504819162,0.012451767281820032,0.00022820239940353425
2021-02-28,304,0.9870946043641012,0.00014082448021217163,0.012534580085159968,0.00022999107052660826
2021-03-01,305,0.9870946043641012,0.00014082448021217163,0.012534580085159968,0.00022999107052660826
2021-03-02,306,0.9870946043641012,0.00014082448021217163,0.012534580085159968,0.00022999107052660826
2021-03-03,307,0.9870946043641012,0.00014082448021217163,0.012534580085159968,0.00022999107052660826
2021-03-04,308,0.9870946043641012,0.00014082448021217163,0.012534580085159968,0.00022999107052660826
2021-03-05,309,0.9870946043641012,0.00014082448021217163,0.012534580085159968,0.00022999107052660826
2021-03-06,310,0.9870946043641012,0.00014082448021217163,0.012534580085159968,0.00022999107052660826
2021-03-07,311,0.9870261543229137,0.0001341770308144786,0.012608049084125635,0.00023161956214612343
2021-03-08,312,0.9870261543229137,0.0001341770308144786,0.012608049084125635,0.00023161956214612343
2021-03-09,313,0.9870261543229137,0.0001341770308144786,0.012608049084125635,0.00023161956214612343
2021-03-10,314,0.9870261543229137,0.0001341770308144786,0.012608049084125635,0.00023161956214612343
2021-03-11,315,0.9870261543229137,0.0001341770308144786,0.012608049084125635,0.00023161956214612343
2021-03-12,316,0.9870261543229137,0.0001341770308144786,0.012608049084125635,0.00023161956214612343
2021-03-13,317,0.9870261543229137,0.0001341770308144786,0.012608049084125635,0.00023161956214612343
2021-03-14,318,0.9869551948028372,0.0001394095612640683,0.012672654817227711,0.0002327408186710355
2021-03-15,319,0.9869551948028372,0.0001394095612640683,0.012672654817227711,0.0002327408186710355
2021-03-16,320,0.9869551948028372,0.0001394095612640683,0.012672654817227711,0.0002327408186710355
2021-03-17,321,0.9869551948028372,0.0001394095612640683,0.012672654817227711,0.0002327408186710355
2021-03-18,322,0.9869551948028372,0.0001394095612640683,0.012672654817227711,0.0002327408186710355
2021-03-19,323,0.9869551948028372,0.0001394095612640683,0.012672654817227711,0.0002327408186710355
2021-03-20,324,0.9869551948028372,0.0001394095612640683,0.012672654817227711,0.0002327408186710355
2021-03-21,325,0.9868796167737414,0.00014653754917243794,0.012739903512138509,0.00023394216494772703
2021-03-22,326,0.9868796167737414,0.00014653754917243794,0.012739903512138509,0.00023394216494772703
2021-03-23,327,0.9868796167737414,0.00014653754917243794,0.012739903512138509,0.00023394216494772703
2021-03-24,328,0.9868796167737414,0.00014653754917243794,0.012739903512138509,0.00023394216494772703
2021-03-25,329,0.9868796167737414,0.00014653754917243794,0.012739903512138509,0.00023394216494772703
2021-03-26,330,0.9868796167737414,0.00014653754917243794,0.012739903512138509,0.00023394216494772703
2021-03-27,331,0.9868796167737414,0.00014653754917243794,0.012739903512138509,0.00023394216494772703
2021-03-28,332,0.9868023301632741,0.00015286463956301323,0.012809928651777661,0.00023487654538515375
2021-03-29,333,0.9868023301632741,0.00015286463956301323,0.012809928651777661,0.00023487654538515375
2021-03-30,334,0.9868023301632741,0.00015286463956301323,0.012809928651777661,0.00023487654538515375
2021-03-31,335,0.9868023301632741,0.00015286463956301323,0.012809928651777661,0.00023487654538515375
2021-04-01,336,0.9868023301632741,0.00015286463956301323,0.012809928651777661,0.00023487654538515375
2021-04-02,337,0.9868023301632741,0.00015286463956301323,0.012809928651777661,0.00023487654538515375
2021-04-03,338,0.9868023301632741,0.00015286463956301323,0.012809928651777661,0.00023487654538515375
2021-04-04,339,0.9867095862307136,0.0001700305430277386,0.012884332031180756,0.00023605119507791878
2021-04-05,340,0.9867095862307136,0.0001700305430277386,0.012884332031180756,0.00023605119507791878
2021-04-06,341,0.9867095862307136,0.0001700305430277386,0.012884332031180756,0.00023605119507791878
2021-04-07,342,0.9867095862307136,0.0001700305430277386,0.012884332031180756,0.00023605119507791878
2021-04-08,343,0.9867095862307136,0.0001700305430277386,0.012884332031180756,0.00023605119507791878
2021-04-09,344,0.9867095862307136,0.0001700305430277386,0.012884332031180756,0.00023605119507791878
2021-04-10,345,0.9867095862307136,0.0001700305430277386,0.012884332031180756,0.00023605119507791878
2021-04-11,346,0.9866066442030931,0.000195685960181084,0.012960310509035513,0.0002373593276903162
2021-04-12,347,0.9866066442030931,0.000195685960181084,0.012960310509035513,0.0002373593276903162
2021-04-13,348,0.9866066442030931,0.000195685960181084,0.012960310509035513,0.0002373593276903162
2021-04-14,349,0.9866066442030931,0.000195685960181084,0.012960310509035513,0.0002373593276903162
2021-04-15,350,0.9866066442030931,0.000195685960181084,0.012960310509035513,0.0002373593276903162
2021-04-16,351,0.9866066442030931,0.000195685960181084,0.012960310509035513,0.0002373593276903162
2021-04-17,352,0.9866066442030931,0.000195685960181084,0.012960310509035513,0.0002373593276903162
2021-04-18,353,0.9865062917441134,0.00020329448660013025,0.013051639522647993,0.00023877424663841954
2021-04-19,354,0.9865062917441134,0.00020329448660013025,0.013051639522647993,0.00023877424663841954
2021-04-20,355,0.9865062917441134,0.00020329448660013025,0.013051639522647993,0.00023877424663841954
2021-04-21,356,0.9865062917441134,0.00020329448660013025,0.013051639522647993,0.00023877424663841954
2021-04-22,357,0.9865062917441134,0.00020329448660013025,0.013051639522647993,0.00023877424663841954
2021-04-23,358,0.9865062917441134,0.00020329448660013025,0.013051639522647993,0.00023877424663841954
2021-04-24,359,0.9865062917441134,0.00020329448660013025,0.013051639522647993,0.00023877424663841954
2021-04-25,360,0.9864104510078174,0.00019619319527568708,0.013153406900575728,0.00023994889633118457
2021-04-26,361,0.9864104510078174,0.00019619319527568708,0.013153406900575728,0.00023994889633118457
2021-04-27,362,0.9864104510078174,0.00019619319527568708,0.013153406900575728,0.00023994889633118457
2021-04-28,363,0.9864104510078174,0.00019619319527568708,0.013153406900575728,0.00023994889633118457
2021-04-29,364,0.9864104510078174,0.00019619319527568708,0.013153406900575728,0.00023994889633118457
2021-04-30,365,0.9864104510078174,0.00019619319527568708,0.013153406900575728,0.00023994889633118457
2021-05-01,366,0.9864104510078174,0.00019619319527568708,0.013153406900575728,0.00023994889633118457
2021-05-02,367,0.9863430421334031,0.00016324961071041317,0.013252744889366152,0.00024096336652039074
2021-05-03,368,0.9863430421334031,0.00016324961071041317,0.013252744889366152,0.00024096336652039074
2021-05-04,369,0.9863430421334031,0.00016324961071041317,0.013252744889366152,0.00024096336652039074
2021-05-05,370,0.9863430421334031,0.00016324961071041317,0.013252744889366152,0.00024096336652039074
2021-05-06,371,0.9863430421334031,0.00016324961071041317,0.013252744889366152,0.00024096336652039074
2021-05-07,372,0.9863430421334031,0.00016324961071041317,0.013252744889366152,0.00024096336652039074
2021-05-08,373,0.9863430421334031,0.00016324961071041317,0.013252744889366152,0.00024096336652039074
2021-05-09,374,0.9862878869910109,0.00012256401680646066,0.013347571155473003,0.00024197783670959692
2021-05-10,375,0.9862878869910109,0.00012256401680646066,0.013347571155473003,0.00024197783670959692
2021-05-11,376,0.9862878869910109,0.00012256401680646066,0.013347571155473003,0.00024197783670959692
2021-05-12,377,0.9862878869910109,0.00012256401680646066,0.013347571155473003,0.00024197783670959692
2021-05-13,378,0.9862878869910109,0.00012256401680646066,0.013347571155473003,0.00024197783670959692
2021-05-14,379,0.9862878869910109,0.00012256401680646066,0.013347571155473003,0.00024197783670959692
2021-05-15,380,0.9862878869910109,0.00012256401680646066,0.013347571155473003,0.00024197783670959692
2021-05-16,381,0.9862561447527224,8.689738068068601e-05,0.013414072346033859,0.00024288552056309716
2021-05-17,382,0.9862561447527224,8.689738068068601e-05,0.013414072346033859,0.00024288552056309716
2021-05-18,383,0.9862561447527224,8.689738068068601e-05,0.013414072346033859,0.00024288552056309716
2021-05-19,384,0.9862561447527224,8.689738068068601e-05,0.013414072346033859,0.00024288552056309716
2021-05-20,385,0.9862561447527224,8.689738068068601e-05,0.013414072346033859,0.00024288552056309716
2021-05-21,386,0.9862561447527224,8.689738068068601e-05,0.013414072346033859,0.00024288552056309716
2021-05-22,387,0.9862561447527224,8.689738068068601e-05,0.013414072346033859,0.00024288552056309716
2021-05-23,388,0.9862028850677891,8.500192322190606e-05,0.013468666860163507,0.0002434461488255532
2021-05-24,389,0.9862028850677891,8.500192322190606e-05,0.013468666860163507,0.0002434461488255532
2021-05-25,390,0.9862028850677891,8.500192322190606e-05,0.013468666860163507,0.0002434461488255532
2021-05-26,391,0.9862028850677891,8.500192322190606e-05,0.013468666860163507,0.0002434461488255532
2021-05-27,392,0.9862028850677891,8.500192322190606e-05,0.013468666860163507,0.0002434461488255532
2021-05-28,393,0.9862028850677891,8.500192322190606e-05,0.013468666860163507,0.0002434461488255532
2021-05-29,394,0.9862028850677891,8.500192322190606e-05,0.013468666860163507,0.0002434461488255532
2021-05-30,395,0.9861479968912362,0.00010814786148616252,0.013499901863357486,0.00024395338392015629
2021-05-31,396,0.9861479968912362,0.00010814786148616252,0.013499901863357486,0.00024395338392015629
2021-06-01,397,0.9861479968912362,0.00010814786148616252,0.013499901863357486,0.00024395338392015629
2021-06-02,398,0.9861479968912362,0.00010814786148616252,0.013499901863357486,0.00024395338392015629
2021-06-03,399,0.9861479968912362,0.00010814786148616252,0.013499901863357486,0.00024395338392015629
2021-06-04,400,0.9861479968912362,0.00010814786148616252,0.013499901863357486,0.00024395338392015629
2021-06-05,401,0.9861479968912362,0.00010814786148616252,0.013499901863357486,0.00024395338392015629
2021-06-06,402,0.9860858739404392,0.00011701112734975323,0.013552227167853384,0.00024488776435758303
2021-06-07,403,0.9860858739404392,0.00011701112734975323,0.013552227167853384,0.00024488776435758303
2021-06-08,404,0.9860858739404392,0.00011701112734975323,0.013552227167853384,0.00024488776435758303
2021-06-09,405,0.9860858739404392,0.00011701112734975323,0.013552227167853384,0.00024488776435758303
2021-06-10,406,0.9860858739404392,0.00011701112734975323,0.013552227167853384,0.00024488776435758303
2021-06-11,407,0.9860858739404392,0.00011701112734975323,0.013552227167853384,0.00024488776435758303
2021-06-12,408,0.9860858739404392,0.00011701112734975323,0.013552227167853384,0.00024488776435758303
2021-06-13,409,0.9860211347244175,0.00012686216681862363,0.013606207660552722,0.00024579544821108325
2021-06-14,410,0.9860211347244175,0.00012686216681862363,0.013606207660552722,0.00024579544821108325
2021-06-15,411,0.9860211347244175,0.00012686216681862363,0.013606207660552722,0.00024579544821108325
2021-06-16,412,0.9860211347244175,0.00012686216681862363,0.013606207660552722,0.00024579544821108325
2021-06-17,413,0.9860211347244175,0.00012686216681862363,0.013606207660552722,0.00024579544821108325
2021-06-18,414,0.9860211347244175,0.00012686216681862363,0.013606207660552722,0.00024579544821108325
2021-06-19,415,0.9860211347244175,0.00012686216681862363,0.013606207660552722,0.00024579544821108325
2021-06-20,416,0.9859479059947073,0.0001379679457320385,0.013667529713831842,0.0002465963457288776
2021-06-21,417,0.9859479059947073,0.0001379679457320385,0.013667529713831842,0.0002465963457288776
2021-06-22,418,0.9859479059947073,0.0001379679457320385,0.013667529713831842,0.0002465963457288776
2021-06-23,419,0.9859479059947073,0.0001379679457320385,0.013667529713831842,0.0002465963457288776
2021-06-24,420,0.9859479059947073,0.0001379679457320385,0.013667529713831842,0.0002465963457288776
2021-06-25,421,0.9859479059947073,0.0001379679457320385,0.013667529713831842,0.0002465963457288776
2021-06-26,422,0.9859479059947073,0.0001379679457320385,0.013667529713831842,0.0002465963457288776
2021-06-27,423,0.9858715270680936,0.0001496076563239829,0.013731307852832197,0.0002475574227502308
2021-06-28,424,0.9858715270680936,0.0001496076563239829,0.013731307852832197,0.0002475574227502308
2021-06-29,425,0.9858715270680936,0.0001496076563239829,0.013731307852832197,0.0002475574227502308
2021-06-30,426,0.9858715270680936,0.0001496076563239829,0.013731307852832197,0.0002475574227502308
2021-07-01,427,0.9858715270680936,0.0001496076563239829,0.013731307852832197,0.0002475574227502308
2021-07-02,428,0.9858715270680936,0.0001496076563239829,0.013731307852832197,0.0002475574227502308
2021-07-03,429,0.9858715270680936,0.0001496076563239829,0.013731307852832197,0.0002475574227502308
2021-07-04,430,0.9857454924953767,0.00020241349933055645,0.013803415326017615,0.0002486786792751429
2021-07-05,431,0.9857454924953767,0.00020241349933055645,0.013803415326017615,0.0002486786792751429
2021-07-06,432,0.9857454924953767,0.00020241349933055645,0.013803415326017615,0.0002486786792751429
2021-07-07,433,0.9857454924953767,0.00020241349933055645,0.013803415326017615,0.0002486786792751429
2021-07-08,434,0.9857454924953767,0.00020241349933055645,0.013803415326017615,0.0002486786792751429
2021-07-09,435,0.9857454924953767,0.00020241349933055645,0.013803415326017615,0.0002486786792751429
2021-07-10,436,0.9857454924953767,0.00020241349933055645,0.013803415326017615,0.0002486786792751429
2021-07-11,437,0.9855463359792852,0.00032519108880842894,0.013878592906354577,0.0002498800255518344
2021-07-12,438,0.9855463359792852,0.00032519108880842894,0.013878592906354577,0.0002498800255518344
2021-07-13,439,0.9855463359792852,0.00032519108880842894,0.013878592906354577,0.0002498800255518344
2021-07-14,440,0.9855463359792852,0.00032519108880842894,0.013878592906354577,0.0002498800255518344
2021-07-15,441,0.9855463359792852,0.00032519108880842894,0.013878592906354577,0.0002498800255518344
2021-07-16,442,0.9855463359792852,0.00032519108880842894,0.013878592906354577,0.0002498800255518344
2021-07-17,443,0.9855463359792852,0.00032519108880842894,0.013878592906354577,0.0002498800255518344
2021-07-18,444,0.9851703679878485,0.0005751245075281163,0.014002651931860921,0.00025185557276239377
2021-07-19,445,0.9851703679878485,0.0005751245075281163,0.014002651931860921,0.00025185557276239377
2021-07-20,446,0.9851703679878485,0.0005751245075281163,0.014002651931860921,0.00025185557276239377
2021-07-21,447,0.9851703679878485,0.0005751245075281163,0.014002651931860921,0.00025185557276239377
2021-07-22,448,0.9851703679878485,0.0005751245075281163,0.014002651931860921,0.00025185557276239377
2021-07-23,449,0.9851703679878485,0.0005751245075281163,0.014002651931860921,0.00025185557276239377
2021-07-24,450,0.9851703679878485,0.0005751245075281163,0.014002651931860921,0.00025185557276239377
2021-07-25,451,0.984645139395679,0.000901196583606119,0.014198471374961637,0.0002551926457532035
2021-07-26,452,0.984645139395679,0.000901196583606119,0.014198471374961637,0.0002551926457532035
2021-07-27,453,0.984645139395679,0.000901196583606119,0.014198471374961637,0.0002551926457532035
2021-07-28,454,0.984645139395679,0.000901196583606119,0.014198471374961637,0.0002551926457532035
2021-07-29,455,0.984645139395679,0.000901196583606119,0.014198471374961637,0.0002551926457532035
2021-07-30,456,0.984645139395679,0.000901196583606119,0.014198471374961637,0.0002551926457532035
2021-07-31,457,0.984645139395679,0.000901196583606119,0.014198471374961637,0.0002551926457532035
2021-08-01,458,0.983353932417491,0.0018164355703575656,0.014568405938430843,0.00026122607372058756
2021-08-02,459,0.983353932417491,0.0018164355703575656,0.014568405938430843,0.00026122607372058756
2021-08-03,460,0.983353932417491,0.0018164355703575656,0.014568405938430843,0.00026122607372058756
2021-08-04,461,0.983353932417491,0.0018164355703575656,0.014568405938430843,0.00026122607372058756
2021-08-05,462,0.983353932417491,0.0018164355703575656,0.014568405938430843,0.00026122607372058756
2021-08-06,463,0.983353932417491,0.0018164355703575656,0.014568405938430843,0.00026122607372058756
2021-08-07,464,0.983353932417491,0.0018164355703575656,0.014568405938430843,0.00026122607372058756
2021-08-08,465,0.9816516514400031,0.002993487955675982,0.015081087136154928,0.00027377346816603225
2021-08-09,466,0.9816516514400031,0.002993487955675982,0.015081087136154928,0.00027377346816603225
2021-08-10,467,0.9816516514400031,0.002993487955675982,0.015081087136154928,0.00027377346816603225
2021-08-11,468,0.9816516514400031,0.002993487955675982,0.015081087136154928,0.00027377346816603225
2021-08-12,469,0.9816516514400031,0.002993487955675982,0.015081087136154928,0.00027377346816603225
2021-08-13,470,0.9816516514400031,0.002993487955675982,0.015081087136154928,0.00027377346816603225
2021-08-14,471,0.9816516514400031,0.002993487955675982,0.015081087136154928,0.00027377346816603225
2021-08-15,472,0.9799221399469101,0.0034317924705808984,0.016354193830440813,0.00029187375206818437
2021-08-16,473,0.9799221399469101,0.0034317924705808984,0.016354193830440813,0.00029187375206818437
2021-08-17,474,0.9799221399469101,0.0034317924705808984,0.016354193830440813,0.00029187375206818437
2021-08-18,475,0.9799221399469101,0.0034317924705808984,0.016354193830440813,0.00029187375206818437
2021-08-19,476,0.9799221399469101,0.0034317924705808984,0.016354193830440813,0.00029187375206818437
2021-08-20,477,0.9799221399469101,0.0034317924705808984,0.016354193830440813,0.00029187375206818437
2021-08-21,478,0.9799221399469101,0.0034317924705808984,0.016354193830440813,0.00029187375206818437
2021-08-22,479,0.9784748647390878,0.00317678670091518,0.018036612549487456,0.00031173601050948403
2021-08-23,480,0.9784748647390878,0.00317678670091518,0.018036612549487456,0.00031173601050948403
2021-08-24,481,0.9784748647390878,0.00317678670091518,0.018036612549487456,0.00031173601050948403
2021-08-25,482,0.9784748647390878,0.00317678670091518,0.018036612549487456,0.00031173601050948403
2021-08-26,483,0.9784748647390878,0.00317678670091518,0.018036612549487456,0.00031173601050948403
2021-08-27,484,0.9784748647390878,0.00317678670091518,0.018036612549487456,0.00031173601050948403
2021-08-28,485,0.9784748647390878,0.00317678670091518,0.018036612549487456,0.00031173601050948403
2021-08-29,486,0.9773203976637712,0.0026017422831388433,0.0197478635791747,0.000329996473915195
2021-08-30,487,0.9773203976637712,0.0026017422831388433,0.0197478635791747,0.000329996473915195
2021-08-31,488,0.9773203976637712,0.0026017422831388433,0.0197478635791747,0.000329996473915195
2021-09-01,489,0.9773203976637712,0.0026017422831388433,0.0197478635791747,0.000329996473915195
2021-09-02,490,0.9773203976637712,0.0026017422831388433,0.0197478635791747,0.000329996473915195
2021-09-03,491,0.9773203976637712,0.0026017422831388433,0.0197478635791747,0.000329996473915195
2021-09-04,492,0.9773203976637712,0.0026017422831388433,0.0197478635791747,0.000329996473915195
2021-09-05,493,0.976479188304248,0.001995676434839939,0.021178266545955393,0.0003468687149567291
2021-09-06,494,0.976479188304248,0.001995676434839939,0.021178266545955393,0.0003468687149567291
2021-09-07,495,0.976479188304248,0.001995676434839939,0.021178266545955393,0.0003468687149567291
2021-09-08,496,0.976479188304248,0.001995676434839939,0.021178266545955393,0.0003468687149567291
2021-09-09,497,0.976479188304248,0.001995676434839939,0.021178266545955393,0.0003468687149567291
2021-09-10,498,0.976479188304248,0.001995676434839939,0.021178266545955393,0.0003468687149567291
2021-09-11,499,0.976479188304248,0.001995676434839939,0.021178266545955393,0.0003468687149567291
2021-09-12,500,0.9759011538690718,0.0014192437946994253,0.022319518812228403,0.0003600835240003357
2021-09-13,501,0.9759011538690718,0.0014192437946994253,0.022319518812228403,0.0003600835240003357
2021-09-14,502,0.9759011538690718,0.0014192437946994253,0.022319518812228403,0.0003600835240003357
2021-09-15,503,0.9759011538690718,0.0014192437946994253,0.022319518812228403,0.0003600835240003357
2021-09-16,504,0.9759011538690718,0.0014192437946994253,0.022319518812228403,0.0003600835240003357
2021-09-17,505,0.9759011538690718,0.0014192437946994253,0.022319518812228403,0.0003600835240003357
2021-09-18,506,0.9759011538690718,0.0014192437946994253,0.022319518812228403,0.0003600835240003357
2021-09-19,507,0.9754891721859185,0.0009900161183295114,0.02315036989718825,0.0003704417985638092
2021-09-20,508,0.9754891721859185,0.0009900161183295114,0.02315036989718825,0.0003704417985638092
2021-09-21,509,0.9754891721859185,0.0009900161183295114,0.02315036989718825,0.0003704417985638092
2021-09-22,510,0.9754891721859185,0.0009900161183295114,0.02315036989718825,0.0003704417985638092
2021-09-23,511,0.9754891721859185,0.0009900161183295114,0.02315036989718825,0.0003704417985638092
2021-09-24,512,0.9754891721859185,0.0009900161183295114,0.02315036989718825,0.0003704417985638092
2021-09-25,513,0.9754891721859185,0.0009900161183295114,0.02315036989718825,0.0003704417985638092
2021-09-26,514,0.9752103263668064,0.0006908275022654721,0.023721570006879175,0.00037727612404898756
2021-09-27,515,0.9752103263668064,0.0006908275022654721,0.023721570006879175,0.00037727612404898756
2021-09-28,516,0.9752103263668064,0.0006908275022654721,0.023721570006879175,0.00037727612404898756
2021-09-29,517,0.9752103263668064,0.0006908275022654721,0.023721570006879175,0.00037727612404898756
2021-09-30,518,0.9752103263668064,0.0006908275022654721,0.023721570006879175,0.00037727612404898756
2021-10-01,519,0.9752103263668064,0.0006908275022654721,0.023721570006879175,0.00037727612404898756
2021-10-02,520,0.9752103263668064,0.0006908275022654721,0.023721570006879175,0.00037727612404898756
2021-10-03,521,0.9750432858411784,0.00044588634474003615,0.02412866621517404,0.00038216159890753305
2021-10-04,522,0.9750432858411784,0.00044588634474003615,0.02412866621517404,0.00038216159890753305
2021-10-05,523,0.9750432858411784,0.00044588634474003615,0.02412866621517404,0.00038216159890753305
2021-10-06,524,0.9750432858411784,0.00044588634474003615,0.02412866621517404,0.00038216159890753305
2021-10-07,525,0.9750432858411784,0.00044588634474003615,0.02412866621517404,0.00038216159890753305
2021-10-08,526,0.9750432858411784,0.00044588634474003615,0.02412866621517404,0.00038216159890753305
2021-10-09,527,0.9750432858411784,0.00044588634474003615,0.02412866621517404,0.00038216159890753305
2021-10-10,528,0.9749372203132385,0.0002731060535678703,0.024404094871543512,0.0003855787616501223
2021-10-11,529,0.9749372203132385,0.0002731060535678703,0.024404094871543512,0.0003855787616501223
2021-10-12,530,0.9749372203132385,0.0002731060535678703,0.024404094871543512,0.0003855787616501223
2021-10-13,531,0.9749372203132385,0.0002731060535678703,0.024404094871543512,0.0003855787616501223
2021-10-14,532,0.9749372203132385,0.0002731060535678703,0.024404094871543512,0.0003855787616501223
2021-10-15,533,0.9749372203132385,0.0002731060535678703,0.024404094871543512,0.0003855787616501223
2021-10-16,534,0.9749372203132385,0.0002731060535678703,0.024404094871543512,0.0003855787616501223
2021-10-17,535,0.9748554753732556,0.00018781046792277296,0.024568625918282398,0.0003880882405392112
2021-10-18,536,0.9748554753732556,0.00018781046792277296,0.024568625918282398,0.0003880882405392112
2021-10-19,537,0.9748554753732556,0.00018781046792277296,0.024568625918282398,0.0003880882405392112
2021-10-20,538,0.9748554753732556,0.00018781046792277296,0.024568625918282398,0.0003880882405392112
2021-10-21,539,0.9748554753732556,0.00018781046792277296,0.024568625918282398,0.0003880882405392112
2021-10-22,540,0.9748554753732556,0.00018781046792277296,0.024568625918282398,0.0003880882405392112
2021-10-23,541,0.9748554753732556,0.00018781046792277296,0.024568625918282398,0.0003880882405392112
2021-10-24,542,0.9747963958330264,0.00014082448021217163,0.02467284938193137,0.00038993030483013816
2021-10-25,543,0.9747963958330264,0.00014082448021217163,0.02467284938193137,0.00038993030483013816
2021-10-26,544,0.9747963958330264,0.00014082448021217163,0.02467284938193137,0.00038993030483013816
2021-10-27,545,0.9747963958330264,0.00014082448021217163,0.02467284938193137,0.00038993030483013816
2021-10-28,546,0.9747963958330264,0.00014082448021217163,0.02467284938193137,0.00038993030483013816
2021-10-29,547,0.9747963958330264,0.00014082448021217163,0.02467284938193137,0.00038993030483013816
2021-10-30,548,0.9747963958330264,0.00014082448021217163,0.02467284938193137,0.00038993030483013816
2021-10-31,549,0.9747460994689089,0.00010937590434678051,0.024752965830294727,0.0003915587964496533
2021-11-01,550,0.9747460994689089,0.00010937590434678051,0.024752965830294727,0.0003915587964496533
2021-11-02,551,0.9747460994689089,0.00010937590434678051,0.024752965830294727,0.0003915587964496533
2021-11-03,552,0.9747460994689089,0.00010937590434678051,0.024752965830294727,0.0003915587964496533
2021-11-04,553,0.9747460994689089,0.00010937590434678051,0.024752965830294727,0.0003915587964496533
2021-11-05,554,0.9747460994689089,0.00010937590434678051,0.024752965830294727,0.0003915587964496533
2021-11-06,555,0.9747460994689089,0.00010937590434678051,0.024752965830294727,0.0003915587964496533
2021-11-07,556,0.9747101391703599,8.625666266645053e-05,0.024811004203750892,0.00039259996322278597
2021-11-08,557,0.9747101391703599,8.625666266645053e-05,0.024811004203750892,0.00039259996322278597
2021-11-09,558,0.9747101391703599,8.625666266645053e-05,0.024811004203750892,0.00039259996322278597
2021-11-10,559,0.9747101391703599,8.625666266645053e-05,0.024811004203750892,0.00039259996322278597
2021-11-11,560,0.9747101391703599,8.625666266645053e-05,0.024811004203750892,0.00039259996322278597
2021-11-12,561,0.9747101391703599,8.625666266645053e-05,0.024811004203750892,0.00039259996322278597
2021-11-13,562,0.9747101391703599,8.625666266645053e-05,0.024811004203750892,0.00039259996322278597
2021-11-14,563,0.9746874470740223,5.865239488647224e-05,0.024860392884014877,0.00039350764707628624
2021-11-15,564,0.9746874470740223,5.865239488647224e-05,0.024860392884014877,0.00039350764707628624
2021-11-16,565,0.9746874470740223,5.865239488647224e-05,0.024860392884014877,0.00039350764707628624
2021-11-17,566,0.9746874470740223,5.865239488647224e-05,0.024860392884014877,0.00039350764707628624
2021-11-18,567,0.9746874470740223,5.865239488647224e-05,0.024860392884014877,0.00039350764707628624
2021-11-19,568,0.9746874470740223,5.865239488647224e-05,0.024860392884014877,0.00039350764707628624
2021-11-20,569,0.9746874470740223,5.865239488647224e-05,0.024860392884014877,0.00039350764707628624
2021-11-21,570,0.9746694802730399,4.0658897320026045e-05,0.024895792554301386,0.0003940682753387423
2021-11-22,571,0.9746694802730399,4.0658897320026045e-05,0.024895792554301386,0.0003940682753387423
2021-11-23,572,0.9746694802730399,4.0658897320026045e-05,0.024895792554301386,0.0003940682753387423
2021-11-24,573,0.9746694802730399,4.0658897320026045e-05,0.024895792554301386,0.0003940682753387423
2021-11-25,574,0.9746694802730399,4.0658897320026045e-05,0.024895792554301386,0.0003940682753387423
2021-11-26,575,0.9746694802730399,4.0658897320026045e-05,0.024895792554301386,0.0003940682753387423
2021-11-27,576,0.9746694802730399,4.0658897320026045e-05,0.024895792554301386,0.0003940682753387423
2021-11-28,577,0.974647642467388,3.980460663437875e-05,0.024918137595047848,0.0003944153309297865
2021-11-29,578,0.974647642467388,3.980460663437875e-05,0.024918137595047848,0.0003944153309297865
2021-11-30,579,0.974647642467388,3.980460663437875e-05,0.024918137595047848,0.0003944153309297865
2021-12-01,580,0.974647642467388,3.980460663437875e-05,0.024918137595047848,0.0003944153309297865
2021-12-02,581,0.974647642467388,3.980460663437875e-05,0.024918137595047848,0.0003944153309297865
2021-12-03,582,0.974647642467388,3.980460663437875e-05,0.024918137595047848,0.0003944153309297865
2021-12-04,583,0.974647642467388,3.980460663437875e-05,0.024918137595047848,0.0003944153309297865
2021-12-05,584,0.9746248702812987,4.46099917411448e-05,0.024935757340439322,0.0003947623865208307
2021-12-06,585,0.9746248702812987,4.46099917411448e-05,0.024935757340439322,0.0003947623865208307
2021-12-07,586,0.9746248702812987,4.46099917411448e-05,0.024935757340439322,0.0003947623865208307
2021-12-08,587,0.9746248702812987,4.46099917411448e-05,0.024935757340439322,0.0003947623865208307
2021-12-09,588,0.9746248702812987,4.46099917411448e-05,0.024935757340439322,0.0003947623865208307
2021-12-10,589,0.9746248702812987,4.46099917411448e-05,0.024935757340439322,0.0003947623865208307
2021-12-11,590,0.9746248702812987,4.46099917411448e-05,0.024935757340439322,0.0003947623865208307
2021-12-12,591,0.9746014039840273,4.6238483360659956e-05,0.024957354876835845,0.00039500265577616903
2021-12-13,592,0.9746014039840273,4.6238483360659956e-05,0.024957354876835845,0.00039500265577616903
2021-12-14,593,0.9746014039840273,4.6238483360659956e-05,0.024957354876835845,0.00039500265577616903
2021-12-15,594,0.9746014039840273,4.6238483360659956e-05,0.024957354876835845,0.00039500265577616903
2021-12-16,595,0.9746014039840273,4.6238483360659956e-05,0.024957354876835845,0.00039500265577616903
2021-12-17,596,0.9746014039840273,4.6238483360659956e-05,0.024957354876835845,0.00039500265577616903
2021-12-18,597,0.9746014039840273,4.6238483360659956e-05,0.024957354876835845,0.00039500265577616903
2021-12-19,598,0.9745680866472871,5.678363401161878e-05,0.02497980670391801,0.00039532301478328673
2021-12-20,599,0.9745680866472871,5.678363401161878e-05,0.02497980670391801,0.00039532301478328673
2021-12-21,600,0.9745680866472871,5.678363401161878e-05,0.02497980670391801,0.00039532301478328673
2021-12-22,601,0.9745680866472871,5.678363401161878e-05,0.02497980670391801,0.00039532301478328673
2021-12-23,602,0.9745680866472871,5.678363401161878e-05,0.02497980670391801,0.00039532301478328673
2021-12-24,603,0.9745680866472871,5.678363401161878e-05,0.02497980670391801,0.00039532301478328673
2021-12-25,604,0.9745680866472871,5.678363401161878e-05,0.02497980670391801,0.00039532301478328673
2021-12-26,605,0.9744890914554486,0.0001123125285786931,0.025002765766094785,0.0003958302498778898
2021-12-27,606,0.9744890914554486,0.0001123125285786931,0.025002765766094785,0.0003958302498778898
2021-12-28,607,0.9744890914554486,0.0001123125285786931,0.025002765766094785,0.0003958302498778898
2021-12-29,608,0.9744890914554486,0.0001123125285786931,0.025002765766094785,0.0003958302498778898
2021-12-30,609,0.9744890914554486,0.0001123125285786931,0.025002765766094785,0.0003958302498778898
2021-12-31,610,0.9744890914554486,0.0001123125285786931,0.025002765766094785,0.0003958302498778898
2022-01-01,611,0.9744890914554486,0.0001123125285786931,0.025002765766094785,0.0003958302498778898
2022-01-02,612,0.9742265839456996,0.00034150270158750704,0.02503544238482079,0.0003964709678921253
2022-01-03,613,0.9742265839456996,0.00034150270158750704,0.02503544238482079,0.0003964709678921253
2022-01-04,614,0.9742265839456996,0.00034150270158750704,0.02503544238482079,0.0003964709678921253
2022-01-05,615,0.9742265839456996,0.00034150270158750704,0.02503544238482079,0.0003964709678921253
2022-01-06,616,0.9742265839456996,0.00034150270158750704,0.02503544238482079,0.0003964709678921253
2022-01-07,617,0.9742265839456996,0.00034150270158750704,0.02503544238482079,0.0003964709678921253
2022-01-08,618,0.9742265839456996,0.00034150270158750704,0.02503544238482079,0.0003964709678921253
2022-01-09,619,0.9733802755386463,0.0011088159168023387,0.025113022657711138,0.00039788588684022864
2022-01-10,620,0.9733802755386463,0.0011088159168023387,0.025113022657711138,0.00039788588684022864
2022-01-11,621,0.9733802755386463,0.0011088159168023387,0.025113022657711138,0.00039788588684022864
2022-01-12,622,0.9733802755386463,0.0011088159168023387,0.025113022657711138,0.00039788588684022864
2022-01-13,623,0.9733802755386463,0.0011088159168023387,0.025113022657711138,0.00039788588684022864
2022-01-14,624,0.9733802755386463,0.0011088159168023387,0.025113022657711138,0.00039788588684022864
2022-01-15,625,0.9733802755386463,0.0011088159168023387,0.025113022657711138,0.00039788588684022864
2022-01-16,626,0.9721494562333,0.0020771277123996235,0.025373955069008535,0.00039946098529189086
2022-01-17,627,0.9721494562333,0.0020771277123996235,0.025373955069008535,0.00039946098529189086
2022-01-18,628,0.9721494562333,0.0020771277123996235,0.025373955069008535,0.00039946098529189086
2022-01-19,629,0.9721494562333,0.0020771277123996235,0.025373955069008535,0.00039946098529189086
2022-01-20,630,0.9721494562333,0.0020771277123996235,0.025373955069008535,0.00039946098529189086
2022-01-21,631,0.9721494562333,0.0020771277123996235,0.025373955069008535,0.00039946098529189086
2022-01-22,632,0.9721494562333,0.0020771277123996235,0.025373955069008535,0.00039946098529189086
2022-01-23,633,0.9707945245092794,0.002585751029366883,0.02621625898847284,0.00040346547288086255
2022-01-24,634,0.9707945245092794,0.002585751029366883,0.02621625898847284,0.00040346547288086255
2022-01-25,635,0.9707945245092794,0.002585751029366883,0.02621625898847284,0.00040346547288086255
2022-01-26,636,0.9707945245092794,0.002585751029366883,0.02621625898847284,0.00040346547288086255
2022-01-27,637,0.9707945245092794,0.002585751029366883,0.02621625898847284,0.00040346547288086255
2022-01-28,638,0.9707945245092794,0.002585751029366883,0.02621625898847284,0.00040346547288086255
2022-01-29,639,0.9707945245092794,0.002585751029366883,0.02621625898847284,0.00040346547288086255
2022-01-30,640,0.9698558192252565,0.0022936370080433605,0.027441338528274992,0.0004092052384250553
2022-01-31,641,0.9698558192252565,0.0022936370080433605,0.027441338528274992,0.0004092052384250553
2022-02-01,642,0.9698558192252565,0.0022936370080433605,0.027441338528274992,0.0004092052384250553
2022-02-02,643,0.9698558192252565,0.0022936370080433605,0.027441338528274992,0.0004092052384250553
2022-02-03,644,0.9698558192252565,0.0022936370080433605,0.027441338528274992,0.0004092052384250553
2022-02-04,645,0.9698558192252565,0.0022936370080433605,0.027441338528274992,0.0004092052384250553
2022-02-05,646,0.9698558192252565,0.0022936370080433605,0.027441338528274992,0.0004092052384250553
2022-02-06,647,0.9694046202603152,0.001389904248964226,0.02878967619606569,0.0004157992946548954
2022-02-07,648,0.9694046202603152,0.001389904248964226,0.02878967619606569,0.0004157992946548954
2022-02-08,649,0.9694046202603152,0.001389904248964226,0.02878967619606569,0.0004157992946548954
2022-02-09,650,0.9694046202603152,0.001389904248964226,0.02878967619606569,0.0004157992946548954
2022-02-10,651,0.9694046202603152,0.001389904248964226,0.02878967619606569,0.0004157992946548954
2022-02-11,652,0.9694046202603152,0.001389904248964226,0.02878967619606569,0.0004157992946548954
2022-02-12,653,0.9694046202603152,0.001389904248964226,0.02878967619606569,0.0004157992946548954
2022-02-13,654,0.9691779662627794,0.0006778529624772038,0.029723282432558555,0.0004208983421848527
2022-02-14,655,0.9691779662627794,0.0006778529624772038,0.029723282432558555,0.0004208983421848527
2022-02-15,656,0.9691779662627794,0.0006778529624772038,0.029723282432558555,0.0004208983421848527
2022-02-16,657,0.9691779662627794,0.0006778529624772038,0.029723282432558555,0.0004208983421848527
2022-02-17,658,0.9691779662627794,0.0006778529624772038,0.029723282432558555,0.0004208983421848527
2022-02-18,659,0.9691779662627794,0.0006778529624772038,0.029723282432558555,0.0004208983421848527
2022-02-19,660,0.9691779662627794,0.0006778529624772038,0.029723282432558555,0.0004208983421848527
2022-02-20,661,0.9690674957984916,0.00033712446182356464,0.030171411290348418,0.00042396844933639767
2022-02-21,662,0.9690674957984916,0.00033712446182356464,0.030171411290348418,0.00042396844933639767
2022-02-22,663,0.9690674957984916,0.00033712446182356464,0.030171411290348418,0.00042396844933639767
2022-02-23,664,0.9690674957984916,0.00033712446182356464,0.030171411290348418,0.00042396844933639767
2022-02-24,665,0.9690674957984916,0.00033712446182356464,0.030171411290348418,0.00042396844933639767
2022-02-25,666,0.9690674957984916,0.00033712446182356464,0.030171411290348418,0.00042396844933639767
2022-02-26,667,0.9690674957984916,0.00033712446182356464,0.030171411290348418,0.00042396844933639767
2022-02-27,668,0.9690119402073406,0.0001660260554387669,0.030395689291914756,0.0004263444453058542
2022-02-28,669,0.9690119402073406,0.0001660260554387669,0.030395689291914756,0.0004263444453058542
2022-03-01,670,0.9690119402073406,0.0001660260554387669,0.030395689291914756,0.0004263444453058542
2022-03-02,671,0.9690119402073406,0.0001660260554387669,0.030395689291914756,0.0004263444453058542
2022-03-03,672,0.9690119402073406,0.0001660260554387669,0.030395689291914756,0.0004263444453058542
2022-03-04,673,0.9690119402073406,0.0001660260554387669,0.030395689291914756,0.0004263444453058542
2022-03-05,674,0.9690119402073406,0.0001660260554387669,0.030395689291914756,0.0004263444453058542
2022-03-06,675,0.968989621863178,7.787393531353642e-05,0.03050495840992583,0.00042754579158254575
2022-03-07,676,0.968989621863178,7.787393531353642e-05,0.03050495840992583,0.00042754579158254575
2022-03-08,677,0.968989621863178,7.787393531353642e-05,0.03050495840992583,0.00042754579158254575
2022-03-09,678,0.968989621863178,7.787393531353642e-05,0.03050495840992583,0.00042754579158254575
2022-03-10,679,0.968989621863178,7.787393531353642e-05,0.03050495840992583,0.00042754579158254575
2022-03-11,680,0.968989621863178,7.787393531353642e-05,0.03050495840992583,0.00042754579158254575
2022-03-12,681,0.968989621863178,7.787393531353642e-05,0.03050495840992583,0.00042754579158254575
2022-03-13,682,0.9689775016140755,3.4438593265156664e-05,0.030559953372814377,0.0004281064198450018
2022-03-14,683,0.9689775016140755,3.4438593265156664e-05,0.030559953372814377,0.0004281064198450018
2022-03-15,684,0.9689775016140755,3.4438593265156664e-05,0.030559953372814377,0.0004281064198450018
2022-03-16,685,0.9689775016140755,3.4438593265156664e-05,0.030559953372814377,0.0004281064198450018
2022-03-17,686,0.9689775016140755,3.4438593265156664e-05,0.030559953372814377,0.0004281064198450018
2022-03-18,687,0.9689775016140755,3.4438593265156664e-05,0.030559953372814377,0.0004281064198450018
2022-03-19,688,0.9689775016140755,3.4438593265156664e-05,0.030559953372814377,0.0004281064198450018
2022-03-20,689,0.9689667161941692,2.2905669008918154e-05,0.030581871268218017,0.0004285068686038989
2022-03-21,690,0.9689667161941692,2.2905669008918154e-05,0.030581871268218017,0.0004285068686038989
2022-03-22,691,0.9689667161941692,2.2905669008918154e-05,0.030581871268218017,0.0004285068686038989
2022-03-23,692,0.9689667161941692,2.2905669008918154e-05,0.030581871268218017,0.0004285068686038989
2022-03-24,693,0.9689667161941692,2.2905669008918154e-05,0.030581871268218017,0.0004285068686038989
2022-03-25,694,0.9689667161941692,2.2905669008918154e-05,0.030581871268218017,0.0004285068686038989
2022-03-26,695,0.9689667161941692,2.2905669008918154e-05,0.030581871268218017,0.0004285068686038989
2022-03-27,696,0.9689539285304684,2.3573083607080104e-05,0.03059383133781708,0.00042866704810745783
2022-03-28,697,0.9689539285304684,2.3573083607080104e-05,0.03059383133781708,0.00042866704810745783
2022-03-29,698,0.9689539285304684,2.3573083607080104e-05,0.03059383133781708,0.00042866704810745783
2022-03-30,699,0.9689539285304684,2.3573083607080104e-05,0.03059383133781708,0.00042866704810745783
2022-03-31,700,0.9689539285304684,2.3573083607080104e-05,0.03059383133781708,0.00042866704810745783
2022-04-01,701,0.9689539285304684,2.3573083607080104e-05,0.03059383133781708,0.00042866704810745783
2022-04-02,702,0.9689539285304684,2.3573083607080104e-05,0.03059383133781708,0.00042866704810745783
2022-04-03,703,0.9689392721058927,2.744408827641942e-05,0.030604536667971596,0.00042874713785923726
2022-04-04,704,0.9689392721058927,2.744408827641942e-05,0.030604536667971596,0.00042874713785923726
2022-04-05,705,0.9689392721058927,2.744408827641942e-05,0.030604536667971596,0.00042874713785923726
2022-04-06,706,0.9689392721058927,2.744408827641942e-05,0.030604536667971596,0.00042874713785923726
2022-04-07,707,0.9689392721058927,2.744408827641942e-05,0.030604536667971596,0.00042874713785923726
2022-04-08,708,0.9689392721058927,2.744408827641942e-05,0.030604536667971596,0.00042874713785923726
2022-04-09,709,0.9689392721058927,2.744408827641942e-05,0.030604536667971596,0.00042874713785923726
2022-04-10,710,0.9689261907797688,2.773775069961068e-05,0.030617297635088452,0.00042877383444316373
2022-04-11,711,0.9689261907797688,2.773775069961068e-05,0.030617297635088452,0.00042877383444316373
2022-04-12,712,0.9689261907797688,2.773775069961068e-05,0.030617297635088452,0.00042877383444316373
2022-04-13,713,0.9689261907797688,2.773775069961068e-05,0.030617297635088452,0.00042877383444316373
2022-04-14,714,0.9689261907797688,2.773775069961068e-05,0.030617297635088452,0.00042877383444316373
2022-04-15,715,0.9689261907797688,2.773775069961068e-05,0.030617297635088452,0.00042877383444316373
2022-04-16,716,0.9689261907797688,2.773775069961068e-05,0.030617297635088452,0.00042877383444316373
2022-04-17,717,0.9689159659881249,2.3306117767815326e-05,0.030631927363080163,0.0004288005310270902
2022-04-18,718,0.9689159659881249,2.3306117767815326e-05,0.030631927363080163,0.0004288005310270902
2022-04-19,719,0.9689159659881249,2.3306117767815326e-05,0.030631927363080163,0.0004288005310270902
2022-04-20,720,0.9689159659881249,2.3306117767815326e-05,0.030631927363080163,0.0004288005310270902
2022-04-21,721,0.9689159659881249,2.3306117767815326e-05,0.030631927363080163,0.0004288005310270902
2022-04-22,722,0.9689159659881249,2.3306117767815326e-05,0.030631927363080163,0.0004288005310270902
2022-04-23,723,0.9689159659881249,2.3306117767815326e-05,0.030631927363080163,0.0004288005310270902
2022-04-24,724,0.9689072895983488,1.890118141994645e-05,0.030644928599452358,0.00042888062077886963
2022-04-25,725,0.9689072895983488,1.890118141994645e-05,0.030644928599452358,0.00042888062077886963
2022-04-26,726,0.9689072895983488,1.890118141994645e-05,0.030644928599452358,0.00042888062077886963
2022-04-27,727,0.9689072895983488,1.890118141994645e-05,0.030644928599452358,0.00042888062077886963
2022-04-28,728,0.9689072895983488,1.890118141994645e-05,0.030644928599452358,0.00042888062077886963
2022-04-29,729,0.9689072895983488,1.890118141994645e-05,0.030644928599452358,0.00042888062077886963
2022-04-30,730,0.9689072895983488,1.890118141994645e-05,0.030644928599452358,0.00042888062077886963
2022-05-01,731,0.9688997344650976,1.6231523027298644e-05,0.030655046604760493,0.00042898740711457554
2022-05-02,732,0.9688997344650976,1.6231523027298644e-05,0.030655046604760493,0.00042898740711457554
2022-05-03,733,0.9688997344650976,1.6231523027298644e-05,0.030655046604760493,0.00042898740711457554
2022-05-04,734,0.9688997344650976,1.6231523027298644e-05,0.030655046604760493,0.00042898740711457554
2022-05-05,735,0.9688997344650976,1.6231523027298644e-05,0.030655046604760493,0.00042898740711457554
2022-05-06,736,0.9688997344650976,1.6231523027298644e-05,0.030655046604760493,0.00042898740711457554
2022-05-07,737,0.9688997344650976,1.6231523027298644e-05,0.030655046604760493,0.00042898740711457554
2022-05-08,738,0.9688929802293642,1.4309368984592228e-05,0.03066369629795267,0.000429014103698502
2022-05-09,739,0.9688929802293642,1.4309368984592228e-05,0.03066369629795267,0.000429014103698502
2022-05-10,740,0.9688929802293642,1.4309368984592228e-05,0.03066369629795267,0.000429014103698502
2022-05-11,741,0.9688929802293642,1.4309368984592228e-05,0.03066369629795267,0.000429014103698502
2022-05-12,742,0.9688929802293642,1.4309368984592228e-05,0.03066369629795267,0.000429014103698502
2022-05-13,743,0.9688929802293642,1.4309368984592228e-05,0.03066369629795267,0.000429014103698502
2022-05-14,744,0.9688929802293642,1.4309368984592228e-05,0.03066369629795267,0.000429014103698502
2022-05-15,745,0.968879631937401,2.010252769663796e-05,0.030671224734619938,0.0004290408002824285
2022-05-16,746,0.968879631937401,2.010252769663796e-05,0.030671224734619938,0.0004290408002824285
2022-05-17,747,0.968879631937401,2.010252769663796e-05,0.030671224734619938,0.0004290408002824285
2022-05-18,748,0.968879631937401,2.010252769663796e-05,0.030671224734619938,0.0004290408002824285
2022-05-19,749,0.968879631937401,2.010252769663796e-05,0.030671224734619938,0.0004290408002824285
2022-05-20,750,0.968879631937401,2.010252769663796e-05,0.030671224734619938,0.0004290408002824285
2022-05-21,751,0.968879631937401,2.010252769663796e-05,0.030671224734619938,0.0004290408002824285
2022-05-22,752,0.9688576339522456,3.5346277118656916e-05,0.03067787218401763,0.0004291475866181344
2022-05-23,753,0.9688576339522456,3.5346277118656916e-05,0.03067787218401763,0.0004291475866181344
2022-05-24,754,0.9688576339522456,3.5346277118656916e-05,0.03067787218401763,0.0004291475866181344
2022-05-25,755,0.9688576339522456,3.5346277118656916e-05,0.03067787218401763,0.0004291475866181344
2022-05-26,756,0.9688576339522456,3.5346277118656916e-05,0.03067787218401763,0.0004291475866181344
2022-05-27,757,0.9688576339522456,3.5346277118656916e-05,0.03067787218401763,0.0004291475866181344
2022-05-28,758,0.9688576339522456,3.5346277118656916e-05,0.03067787218401763,0.0004291475866181344
2022-05-29,759,0.9688255446583659,5.40872790350445e-05,0.030691193779396945,0.0004291742832020609
2022-05-30,760,0.9688255446583659,5.40872790350445e-05,0.030691193779396945,0.0004291742832020609
2022-05-31,761,0.9688255446583659,5.40872790350445e-05,0.030691193779396945,0.0004291742832020609
2022-06-01,762,0.9688255446583659,5.40872790350445e-05,0.030691193779396945,0.0004291742832020609
2022-06-02,763,0.9688255446583659,5.40872790350445e-05,0.030691193779396945,0.0004291742832020609
2022-06-03,764,0.9688255446583659,5.40872790350445e-05,0.030691193779396945,0.0004291742832020609
2022-06-04,765,0.9688255446583659,5.40872790350445e-05,0.030691193779396945,0.0004291742832020609
2022-06-05,766,0.9687671325327348,9.050141951076054e-05,0.03071311167480058,0.00042925437295384034
2022-06-06,767,0.9687671325327348,9.050141951076054e-05,0.03071311167480058,0.00042925437295384034
2022-06-07,768,0.9687671325327348,9.050141951076054e-05,0.03071311167480058,0.00042925437295384034
2022-06-08,769,0.9687671325327348,9.050141951076054e-05,0.03071311167480058,0.00042925437295384034
2022-06-09,770,0.9687671325327348,9.050141951076054e-05,0.03071311167480058,0.00042925437295384034
2022-06-10,771,0.9687671325327348,9.050141951076054e-05,0.03071311167480058,0.00042925437295384034
2022-06-11,772,0.9687671325327348,9.050141951076054e-05,0.03071311167480058,0.00042925437295384034
2022-06-12,773,0.96862873744166,0.00019680721670599607,0.030745120878928427,0.00042933446270561977
2022-06-13,774,0.96862873744166,0.00019680721670599607,0.030745120878928427,0.00042933446270561977
2022-06-14,775,0.96862873744166,0.00019680721670599607,0.030745120878928427,0.00042933446270561977
2022-06-15,776,0.96862873744166,0.00019680721670599607,0.030745120878928427,0.00042933446270561977
2022-06-16,777,0.96862873744166,0.00019680721670599607,0.030745120878928427,0.00042933446270561977
2022-06-17,778,0.96862873744166,0.00019680721670599607,0.030745120878928427,0.00042933446270561977
2022-06-18,779,0.96862873744166,0.00019680721670599607,0.030745120878928427,0.00042933446270561977
2022-06-19,780,0.9683717027316159,0.00039542980111899263,0.030803426218223857,0.00042944124904132567
2022-06-20,781,0.9683717027316159,0.00039542980111899263,0.030803426218223857,0.00042944124904132567
2022-06-21,782,0.9683717027316159,0.00039542980111899263,0.030803426218223857,0.00042944124904132567
2022-06-22,783,0.9683717027316159,0.00039542980111899263,0.030803426218223857,0.00042944124904132567
2022-06-23,784,0.9683717027316159,0.00039542980111899263,0.030803426218223857,0.00042944124904132567
2022-06-24,785,0.9683717027316159,0.00039542980111899263,0.030803426218223857,0.00042944124904132567
2022-06-25,786,0.9683717027316159,0.00039542980111899263,0.030803426218223857,0.00042944124904132567
2022-06-26,787,0.9678983989951833,0.0007303384464766597,0.030941500950291603,0.00042976160804844343
2022-06-27,788,0.9678983989951833,0.0007303384464766597,0.030941500950291603,0.00042976160804844343
2022-06-28,789,0.9678983989951833,0.0007303384464766597,0.030941500950291603,0.00042976160804844343
2022-06-29,790,0.9678983989951833,0.0007303384464766597,0.030941500950291603,0.00042976160804844343
2022-06-30,791,0.9678983989951833,0.0007303384464766597,0.030941500950291603,0.00042976160804844343
2022-07-01,792,0.9678983989951833,0.0007303384464766597,0.030941500950291603,0.00042976160804844343
2022-07-02,793,0.9678983989951833,0.0007303384464766597,0.030941500950291603,0.00042976160804844343
2022-07-03,794,0.9673344603563204,0.001037242375295451,0.031198055121825056,0.00043024214655912
2022-07-04,795,0.9673344603563204,0.001037242375295451,0.031198055121825056,0.00043024214655912
2022-07-05,796,0.9673344603563204,0.001037242375295451,0.031198055121825056,0.00043024214655912
2022-07-06,797,0.9673344603563204,0.001037242375295451,0.031198055121825056,0.00043024214655912
2022-07-07,798,0.9673344603563204,0.001037242375295451,0.031198055121825056,0.00043024214655912
2022-07-08,799,0.9673344603563204,0.001037242375295451,0.031198055121825056,0.00043024214655912
2022-07-09,800,0.9673344603563204,0.001037242375295451,0.031198055121825056,0.00043024214655912
2022-07-10,801,0.9668736239245815,0.0010247750706017858,0.03167042447782016,0.00043117652699654674
2022-07-11,802,0.9668736239245815,0.0010247750706017858,0.03167042447782016,0.00043117652699654674
2022-07-12,803,0.9668736239245815,0.0010247750706017858,0.03167042447782016,0.00043117652699654674
2022-07-13,804,0.9668736239245815,0.0010247750706017858,0.03167042447782016,0.00043117652699654674
2022-07-14,805,0.9668736239245815,0.0010247750706017858,0.03167042447782016,0.00043117652699654674
2022-07-15,806,0.9668736239245815,0.0010247750706017858,0.03167042447782016,0.00043117652699654674
2022-07-16,807,0.9668736239245815,0.0010247750706017858,0.03167042447782016,0.00043117652699654674
2022-07-17,808,0.9666156548341,0.0007188055222204211,0.032233642308917065,0.0004318973347625616
2022-07-18,809,0.9666156548341,0.0007188055222204211,0.032233642308917065,0.0004318973347625616
2022-07-19,810,0.9666156548341,0.0007188055222204211,0.032233642308917065,0.0004318973347625616
2022-07-20,811,0.9666156548341,0.0007188055222204211,0.032233642308917065,0.0004318973347625616
2022-07-21,812,0.9666156548341,0.0007188055222204211,0.032233642308917065,0.0004318973347625616
2022-07-22,813,0.9666156548341,0.0007188055222204211,0.032233642308917065,0.0004318973347625616
2022-07-23,814,0.9666156548341,0.0007188055222204211,0.032233642308917065,0.0004318973347625616
2022-07-24,815,0.9664338510975606,0.0004397728270208727,0.03269359775338636,0.0004327783220321354
2022-07-25,816,0.9664338510975606,0.0004397728270208727,0.03269359775338636,0.0004327783220321354
2022-07-26,817,0.9664338510975606,0.0004397728270208727,0.03269359775338636,0.0004327783220321354
2022-07-27,818,0.9664338510975606,0.0004397728270208727,0.03269359775338636,0.0004327783220321354
2022-07-28,819,0.9664338510975606,0.0004397728270208727,0.03269359775338636,0.0004327783220321354
2022-07-29,820,0.9664338510975606,0.0004397728270208727,0.03269359775338636,0.0004327783220321354
2022-07-30,821,0.9664338510975606,0.0004397728270208727,0.03269359775338636,0.0004327783220321354
2022-07-31,822,0.9663420415454375,0.0002736132886624734,0.0329509528224376,0.0004333923434624444
2022-08-01,823,0.9663420415454375,0.0002736132886624734,0.0329509528224376,0.0004333923434624444
2022-08-02,824,0.9663420415454375,0.0002736132886624734,0.0329509528224376,0.0004333923434624444
2022-08-03,825,0.9663420415454375,0.0002736132886624734,0.0329509528224376,0.0004333923434624444
2022-08-04,826,0.9663420415454375,0.0002736132886624734,0.0329509528224376,0.0004333923434624444
2022-08-05,827,0.9663420415454375,0.0002736132886624734,0.0329509528224376,0.0004333923434624444
2022-08-06,828,0.9663420415454375,0.0002736132886624734,0.0329509528224376,0.0004333923434624444
2022-08-07,829,0.9662955360962375,0.0001383150013230827,0.03313216923413054,0.0004339796683088269
2022-08-08,830,0.9662955360962375,0.0001383150013230827,0.03313216923413054,0.0004339796683088269
2022-08-09,831,0.9662955360962375,0.0001383150013230827,0.03313216923413054,0.0004339796683088269
2022-08-10,832,0.9662955360962375,0.0001383150013230827,0.03313216923413054,0.0004339796683088269
2022-08-11,833,0.9662955360962375,0.0001383150013230827,0.03313216923413054,0.0004339796683088269
2022-08-12,834,0.9662955360962375,0.0001383150013230827,0.03313216923413054,0.0004339796683088269
2022-08-13,835,0.9662955360962375,0.0001383150013230827,0.03313216923413054,0.0004339796683088269
2022-08-14,836,0.9662722566750537,6.978487038381359e-05,0.033223658427246575,0.0004343000273159447
2022-08-15,837,0.9662722566750537,6.978487038381359e-05,0.033223658427246575,0.0004343000273159447
2022-08-16,838,0.9662722566750537,6.978487038381359e-05,0.033223658427246575,0.0004343000273159447
2022-08-17,839,0.9662722566750537,6.978487038381359e-05,0.033223658427246575,0.0004343000273159447
2022-08-18,840,0.9662722566750537,6.978487038381359e-05,0.033223658427246575,0.0004343000273159447
2022-08-19,841,0.9662722566750537,6.978487038381359e-05,0.033223658427246575,0.0004343000273159447
2022-08-20,842,0.9662722566750537,6.978487038381359e-05,0.033223658427246575,0.0004343000273159447
2022-08-21,843,0.9662570396222155,3.849647402198133e-05,0.033270110483278645,0.00043435342048379764
2022-08-22,844,0.9662570396222155,3.849647402198133e-05,0.033270110483278645,0.00043435342048379764
2022-08-23,845,0.9662570396222155,3.849647402198133e-05,0.033270110483278645,0.00043435342048379764
2022-08-24,846,0.9662570396222155,3.849647402198133e-05,0.033270110483278645,0.00043435342048379764
2022-08-25,847,0.9662570396222155,3.849647402198133e-05,0.033270110483278645,0.00043435342048379764
2022-08-26,848,0.9662570396222155,3.849647402198133e-05,0.033270110483278645,0.00043435342048379764
2022-08-27,849,0.9662570396222155,3.849647402198133e-05,0.033270110483278645,0.00043435342048379764
2022-08-28,850,0.9662478826939288,2.4373981124874448e-05,0.03329336320787861,0.0004343801170677241
2022-08-29,851,0.9662478826939288,2.4373981124874448e-05,0.03329336320787861,0.0004343801170677241
2022-08-30,852,0.9662478826939288,2.4373981124874448e-05,0.03329336320787861,0.0004343801170677241
2022-08-31,853,0.9662478826939288,2.4373981124874448e-05,0.03329336320787861,0.0004343801170677241
2022-09-01,854,0.9662478826939288,2.4373981124874448e-05,0.03329336320787861,0.0004343801170677241
2022-09-02,855,0.9662478826939288,2.4373981124874448e-05,0.03329336320787861,0.0004343801170677241
2022-09-03,856,0.9662478826939288,2.4373981124874448e-05,0.03329336320787861,0.0004343801170677241
2022-09-04,857,0.9662413420308668,1.5697591348769085e-05,0.03330850017096492,0.00043446020681950354
2022-09-05,858,0.9662413420308668,1.5697591348769085e-05,0.03330850017096492,0.00043446020681950354
2022-09-06,859,0.9662413420308668,1.5697591348769085e-05,0.03330850017096492,0.00043446020681950354
2022-09-07,860,0.9662413420308668,1.5697591348769085e-05,0.03330850017096492,0.00043446020681950354
2022-09-08,861,0.9662413420308668,1.5697591348769085e-05,0.03330850017096492,0.00043446020681950354
2022-09-09,862,0.9662413420308668,1.5697591348769085e-05,0.03330850017096492,0.00043446020681950354
2022-09-10,863,0.9662413420308668,1.5697591348769085e-05,0.03330850017096492,0.00043446020681950354
2022-09-11,864,0.9662382185305474,9.664163381385048e-06,0.03331760370608385,0.0004345135999873565
2022-09-12,865,0.9662382185305474,9.664163381385048e-06,0.03331760370608385,0.0004345135999873565
2022-09-13,866,0.9662382185305474,9.664163381385048e-06,0.03331760370608385,0.0004345135999873565
2022-09-14,867,0.9662382185305474,9.664163381385048e-06,0.03331760370608385,0.0004345135999873565
2022-09-15,868,0.9662382185305474,9.664163381385048e-06,0.03331760370608385,0.0004345135999873565
2022-09-16,869,0.9662382185305474,9.664163381385048e-06,0.03331760370608385,0.0004345135999873565
2022-09-17,870,0.9662382185305474,9.664163381385048e-06,0.03331760370608385,0.0004345135999873565
2022-09-18,871,0.9662351751199798,6.166910887016426e-06,0.033324117672561916,0.00043454029657128296
2022-09-19,872,0.9662351751199798,6.166910887016426e-06,0.033324117672561916,0.00043454029657128296
2022-09-20,873,0.9662351751199798,6.166910887016426e-06,0.033324117672561916,0.00043454029657128296
2022-09-21,874,0.9662351751199798,6.166910887016426e-06,0.033324117672561916,0.00043454029657128296
2022-09-22,875,0.9662351751199798,6.166910887016426e-06,0.033324117672561916,0.00043454029657128296
2022-09-23,876,0.9662351751199798,6.166910887016426e-06,0.033324117672561916,0.00043454029657128296
